Top queries,Clicks,Impressions,CTR,Position
waterproofing services in sitapur road lucknow,0,39,0%,12.28
work from home solutions private limited,0,4,0%,4
building solutions,0,2,0%,1
building solutions pvt ltd,0,2,0%,1
waterproofing,0,2,0%,2
welding,0,2,0%,2
fbs,0,2,0%,5.5
waterproofing services,0,2,0%,12.5
brick wall cutting services near me,0,1,0%,1
building solutions company,0,1,0%,1
private service,0,1,0%,2
eden company,0,1,0%,6
waterproofing in lucknow,0,1,0%,18
waterproofing services in faizabad road lucknow,0,1,0%,21
waterproofing lucknow,0,1,0%,22